iteration,Cd
1,7.01017500e-01
2,7.35901700e-01
3,6.14453600e-01
4,5.12143700e-01
5,4.49440000e-01
6,4.10743800e-01
7,3.86452000e-01
8,3.72570900e-01
9,3.65175600e-01
10,3.54322300e-01
11,3.41668000e-01
12,3.30836200e-01
13,3.21651400e-01
14,3.13815400e-01
15,3.06092800e-01
16,2.99749300e-01
17,2.95654300e-01
18,2.93436500e-01
19,2.92769800e-01
20,2.93034700e-01
21,2.93322300e-01
22,2.93604200e-01
23,2.94722300e-01
24,2.96182400e-01
25,2.96942900e-01
26,2.96976200e-01
27,2.96635400e-01
28,2.96099400e-01
29,2.95526200e-01
30,2.94949300e-01
31,2.94407700e-01
32,2.93969000e-01
33,2.93641100e-01
34,2.93439000e-01
35,2.93316200e-01
36,2.93252200e-01
37,2.93232800e-01
38,2.93250100e-01
39,2.93309300e-01
40,2.93418700e-01
41,2.93570300e-01
42,2.93763400e-01
43,2.93967200e-01
44,2.94185000e-01
45,2.94397400e-01
46,2.94591400e-01
47,2.94759000e-01
48,2.94931700e-01
49,2.95102100e-01
50,2.95275400e-01
51,2.95458300e-01
52,2.95650400e-01
53,2.95854400e-01
54,2.96039000e-01
55,2.96211500e-01
56,2.96355100e-01
57,2.96484400e-01
58,2.96603000e-01
59,2.96729200e-01
60,2.96864000e-01
61,2.97012400e-01
62,2.97175500e-01
63,2.97352500e-01
64,2.97524000e-01
65,2.97677700e-01
66,2.97794100e-01
67,2.97869200e-01
68,2.97909900e-01
69,2.97932400e-01
70,2.97942200e-01
71,2.97945700e-01
72,2.97944200e-01
73,2.97933400e-01
74,2.97918100e-01
75,2.97900000e-01
76,2.97881100e-01
77,2.97865800e-01
78,2.97853700e-01
79,2.97847500e-01
80,2.97848600e-01
81,2.97854200e-01
82,2.97860900e-01
83,2.97870900e-01
84,2.97873500e-01
85,2.97868500e-01
86,2.97856400e-01
87,2.97839300e-01
88,2.97818400e-01
89,2.97796100e-01
90,2.97773800e-01
91,2.97752400e-01
92,2.97731900e-01
93,2.97712500e-01
94,2.97694400e-01
95,2.97677800e-01
96,2.97662100e-01
97,2.97646100e-01
98,2.97631000e-01
99,2.97614000e-01
100,2.97594200e-01
101,2.97573700e-01
102,2.97550700e-01
103,2.97528800e-01
104,2.97505300e-01
105,2.97483900e-01
106,2.97460600e-01
107,2.97439100e-01
108,2.97415900e-01
109,2.97396700e-01
110,2.97372800e-01
111,2.97353500e-01
112,2.97331400e-01
113,2.97313400e-01
114,2.97294600e-01
115,2.97279400e-01
116,2.97264900e-01
117,2.97253200e-01
118,2.97242500e-01
119,2.97235700e-01
120,2.97232400e-01
121,2.97229000e-01
122,2.97231200e-01
123,2.97227300e-01
124,2.97230900e-01
125,2.97226600e-01
126,2.97227200e-01
127,2.97220500e-01
128,2.97215100e-01
129,2.97201100e-01
130,2.97187600e-01
131,2.97167000e-01
132,2.97147400e-01
133,2.97126600e-01
134,2.97107600e-01
135,2.97090800e-01
136,2.97077900e-01
137,2.97068100e-01
138,2.97060700e-01
139,2.97054800e-01
140,2.97048300e-01
141,2.97042800e-01
142,2.97036300e-01
143,2.97029500e-01
144,2.97020300e-01
145,2.97006600e-01
146,2.96991100e-01
147,2.96972900e-01
148,2.96954100e-01
149,2.96929300e-01
150,2.96903700e-01
151,2.96873000e-01
152,2.96841600e-01
153,2.96806800e-01
154,2.96775300e-01
155,2.96738700e-01
156,2.96708900e-01
157,2.96676000e-01
158,2.96653800e-01
159,2.96630900e-01
160,2.96615500e-01
161,2.96598500e-01
162,2.96589900e-01
163,2.96579800e-01
164,2.96578700e-01
165,2.96578000e-01
166,2.96583900e-01
167,2.96593700e-01
168,2.96605400e-01
169,2.96624200e-01
170,2.96641400e-01
171,2.96664600e-01
172,2.96687600e-01
173,2.96713700e-01
174,2.96743600e-01
175,2.96768600e-01
176,2.96798900e-01
177,2.96827800e-01
178,2.96855900e-01
179,2.96888400e-01
180,2.96917300e-01
181,2.96948300e-01
182,2.96977800e-01
183,2.97008600e-01
184,2.97040400e-01
185,2.97069500e-01
186,2.97099600e-01
187,2.97121300e-01
188,2.97148500e-01
189,2.97165700e-01
190,2.97186400e-01
191,2.97198800e-01
192,2.97211200e-01
193,2.97217200e-01
194,2.97221000e-01
195,2.97222100e-01
196,2.97219800e-01
197,2.97217300e-01
198,2.97212800e-01
199,2.97206900e-01
200,2.97200300e-01
201,2.97194100e-01
202,2.97185800e-01
203,2.97180500e-01
204,2.97173900e-01
205,2.97174100e-01
206,2.97169200e-01
207,2.97179500e-01
208,2.97175200e-01
209,2.97198000e-01
210,2.97194400e-01
211,2.97221700e-01
212,2.97218100e-01
213,2.97242400e-01
214,2.97236000e-01
215,2.97250500e-01
216,2.97236500e-01
217,2.97238600e-01
218,2.97216000e-01
219,2.97205600e-01
220,2.97177100e-01
221,2.97158200e-01
222,2.97129300e-01
223,2.97108200e-01
224,2.97080100e-01
225,2.97061500e-01
226,2.97039100e-01
227,2.97022400e-01
228,2.97005900e-01
229,2.96988500e-01
230,2.96972900e-01
231,2.96952100e-01
232,2.96933300e-01
233,2.96910000e-01
234,2.96892300e-01
235,2.96871000e-01
236,2.96857300e-01
237,2.96842800e-01
238,2.96832500e-01
239,2.96826600e-01
240,2.96818500e-01
241,2.96824000e-01
242,2.96825900e-01
243,2.96844200e-01
244,2.96857800e-01
245,2.96888500e-01
246,2.96915000e-01
247,2.96950500e-01
248,2.96983700e-01
249,2.97018000e-01
250,2.97047400e-01
251,2.97070800e-01
252,2.97089900e-01
253,2.97102900e-01
254,2.97111700e-01
255,2.97118600e-01
256,2.97121300e-01
257,2.97123000e-01
258,2.97120800e-01
259,2.97120800e-01
260,2.97118100e-01
261,2.97117700e-01
262,2.97116100e-01
263,2.97117000e-01
264,2.97117700e-01
265,2.97118300e-01
266,2.97118100e-01
267,2.97113700e-01
268,2.97111000e-01
269,2.97100500e-01
270,2.97092900e-01
271,2.97083300e-01
272,2.97072400e-01
273,2.97064900e-01
274,2.97056900e-01
275,2.97055800e-01
276,2.97049800e-01
277,2.97055800e-01
278,2.97052200e-01
279,2.97066000e-01
280,2.97065300e-01
281,2.97085000e-01
282,2.97088700e-01
283,2.97109800e-01
284,2.97121900e-01
285,2.97141800e-01
286,2.97156500e-01
287,2.97176600e-01
288,2.97192700e-01
289,2.97210900e-01
290,2.97222400e-01
291,2.97232500e-01
292,2.97232500e-01
293,2.97236200e-01
294,2.97229600e-01
295,2.97226800e-01
296,2.97214400e-01
297,2.97203300e-01
298,2.97186700e-01
299,2.97169100e-01
300,2.97147500e-01
301,2.97122800e-01
302,2.97095100e-01
303,2.97064400e-01
304,2.97031100e-01
305,2.96997700e-01
306,2.96959500e-01
307,2.96924000e-01
308,2.96885900e-01
309,2.96851700e-01
310,2.96817000e-01
311,2.96785300e-01
312,2.96758100e-01
313,2.96734400e-01
314,2.96713900e-01
315,2.96698800e-01
316,2.96689000e-01
317,2.96686100e-01
318,2.96685700e-01
319,2.96688400e-01
320,2.96694700e-01
321,2.96702600e-01
322,2.96713900e-01
323,2.96729900e-01
324,2.96750800e-01
325,2.96780000e-01
326,2.96814100e-01
327,2.96855000e-01
328,2.96900000e-01
329,2.96944200e-01
330,2.96993900e-01
331,2.97040400e-01
332,2.97089600e-01
333,2.97133900e-01
334,2.97181100e-01
335,2.97222800e-01
336,2.97269900e-01
337,2.97307200e-01
338,2.97351200e-01
339,2.97377700e-01
340,2.97415200e-01
341,2.97430800e-01
342,2.97453800e-01
343,2.97461500e-01
344,2.97468500e-01
345,2.97468000e-01
346,2.97457500e-01
347,2.97449800e-01
348,2.97422700e-01
349,2.97404900e-01
350,2.97369200e-01
351,2.97337000e-01
352,2.97298400e-01
353,2.97259700e-01
354,2.97216000e-01
355,2.97174100e-01
356,2.97129800e-01
357,2.97086700e-01
358,2.97045500e-01
359,2.97006000e-01
360,2.96968200e-01
361,2.96934800e-01
362,2.96903200e-01
363,2.96877100e-01
364,2.96852800e-01
365,2.96832700e-01
366,2.96814900e-01
367,2.96801200e-01
368,2.96789900e-01
369,2.96779500e-01
370,2.96770400e-01
371,2.96762500e-01
372,2.96755700e-01
373,2.96750000e-01
374,2.96745100e-01
375,2.96743000e-01
376,2.96742600e-01
377,2.96747800e-01
378,2.96756400e-01
379,2.96772100e-01
380,2.96791700e-01
381,2.96820000e-01
382,2.96853500e-01
383,2.96892200e-01
384,2.96936700e-01
385,2.96984800e-01
386,2.97036200e-01
387,2.97089000e-01
388,2.97142000e-01
389,2.97192800e-01
390,2.97240000e-01
391,2.97283800e-01
392,2.97322500e-01
393,2.97356300e-01
394,2.97386500e-01
395,2.97411900e-01
396,2.97433700e-01
397,2.97451700e-01
398,2.97466400e-01
399,2.97481000e-01
400,2.97492900e-01
401,2.97508900e-01
402,2.97518000e-01
403,2.97529800e-01
404,2.97529700e-01
405,2.97527300e-01
406,2.97515500e-01
407,2.97498400e-01
408,2.97473700e-01
409,2.97444400e-01
410,2.97407400e-01
411,2.97363600e-01
412,2.97315000e-01
413,2.97263300e-01
414,2.97205100e-01
415,2.97144000e-01
416,2.97078300e-01
417,2.97014400e-01
418,2.96949500e-01
419,2.96884500e-01
420,2.96812700e-01
421,2.96742200e-01
422,2.96671500e-01
423,2.96612800e-01
424,2.96560200e-01
425,2.96520600e-01
426,2.96486600e-01
427,2.96464400e-01
428,2.96450900e-01
429,2.96452200e-01
430,2.96469800e-01
431,2.96505900e-01
432,2.96559200e-01
433,2.96628100e-01
434,2.96708600e-01
435,2.96793000e-01
436,2.96877200e-01
437,2.96960000e-01
438,2.97037800e-01
439,2.97110400e-01
440,2.97174500e-01
441,2.97237100e-01
442,2.97291600e-01
443,2.97346500e-01
444,2.97393200e-01
445,2.97437500e-01
446,2.97474700e-01
447,2.97507800e-01
448,2.97532000e-01
449,2.97551300e-01
450,2.97562400e-01
451,2.97564700e-01
452,2.97562100e-01
453,2.97550300e-01
454,2.97533800e-01
455,2.97509500e-01
456,2.97482000e-01
457,2.97451200e-01
458,2.97418700e-01
459,2.97382700e-01
460,2.97346300e-01
461,2.97309600e-01
462,2.97273700e-01
463,2.97238800e-01
464,2.97204800e-01
465,2.97176200e-01
466,2.97149700e-01
467,2.97132400e-01
468,2.97116300e-01
469,2.97108600e-01
470,2.97102600e-01
471,2.97100400e-01
472,2.97093300e-01
473,2.97092700e-01
474,2.97087400e-01
475,2.97077800e-01
476,2.97063700e-01
477,2.97042200e-01
478,2.97022600e-01
479,2.96992900e-01
480,2.96967900e-01
481,2.96931300e-01
482,2.96906600e-01
483,2.96873400e-01
484,2.96853300e-01
485,2.96821200e-01
486,2.96802200e-01
487,2.96773400e-01
488,2.96763100e-01
489,2.96749100e-01
490,2.96755800e-01
491,2.96757200e-01
492,2.96778300e-01
493,2.96792500e-01
494,2.96824900e-01
495,2.96842900e-01
496,2.96873500e-01
497,2.96886800e-01
498,2.96903000e-01
499,2.96911100e-01
500,2.96914700e-01
