iteration,Cl
1,5.42101700e-02
2,1.04835900e-01
3,1.98950400e-01
4,3.10735100e-01
5,4.09151400e-01
6,4.71970300e-01
7,4.96371000e-01
8,4.84657400e-01
9,4.54472100e-01
10,4.08420300e-01
11,3.61369600e-01
12,3.20803700e-01
13,2.95548500e-01
14,2.84612600e-01
15,2.85808100e-01
16,2.96758700e-01
17,3.13181000e-01
18,3.31433300e-01
19,3.48635000e-01
20,3.62282100e-01
21,3.71192000e-01
22,3.74185800e-01
23,3.72244800e-01
24,3.66804200e-01
25,3.59846200e-01
26,3.53050800e-01
27,3.46924900e-01
28,3.41824900e-01
29,3.37868200e-01
30,3.35220200e-01
31,3.33678800e-01
32,3.33023400e-01
33,3.32988900e-01
34,3.33222400e-01
35,3.33390100e-01
36,3.33222500e-01
37,3.32603700e-01
38,3.31604200e-01
39,3.30333100e-01
40,3.28972900e-01
41,3.27717100e-01
42,3.26732800e-01
43,3.26097100e-01
44,3.25808600e-01
45,3.25778500e-01
46,3.25929500e-01
47,3.26111700e-01
48,3.26266800e-01
49,3.26293300e-01
50,3.26226500e-01
51,3.26087000e-01
52,3.25971900e-01
53,3.25945100e-01
54,3.26075000e-01
55,3.26326300e-01
56,3.26635200e-01
57,3.27043700e-01
58,3.27567800e-01
59,3.28234800e-01
60,3.28946500e-01
61,3.29637900e-01
62,3.30274000e-01
63,3.30862100e-01
64,3.31436400e-01
65,3.31944500e-01
66,3.32379600e-01
67,3.32778900e-01
68,3.33166300e-01
69,3.33566500e-01
70,3.33984600e-01
71,3.34435600e-01
72,3.34918700e-01
73,3.35436700e-01
74,3.35990100e-01
75,3.36566100e-01
76,3.37137000e-01
77,3.37678900e-01
78,3.38175400e-01
79,3.38610000e-01
80,3.38977300e-01
81,3.39274400e-01
82,3.39507200e-01
83,3.39682100e-01
84,3.39821500e-01
85,3.39940100e-01
86,3.40045100e-01
87,3.40143000e-01
88,3.40232000e-01
89,3.40309800e-01
90,3.40371100e-01
91,3.40411600e-01
92,3.40425800e-01
93,3.40416100e-01
94,3.40385600e-01
95,3.40338800e-01
96,3.40283700e-01
97,3.40225100e-01
98,3.40173300e-01
99,3.40126600e-01
100,3.40085900e-01
101,3.40055400e-01
102,3.40029600e-01
103,3.40013700e-01
104,3.39997600e-01
105,3.39985900e-01
106,3.39974300e-01
107,3.39963700e-01
108,3.39950300e-01
109,3.39947500e-01
110,3.39939100e-01
111,3.39943000e-01
112,3.39943600e-01
113,3.39950300e-01
114,3.39954200e-01
115,3.39961600e-01
116,3.39970700e-01
117,3.39983800e-01
118,3.39995100e-01
119,3.40007700e-01
120,3.40021200e-01
121,3.40026400e-01
122,3.40036400e-01
123,3.40025800e-01
124,3.40022900e-01
125,3.39996000e-01
126,3.39971700e-01
127,3.39928800e-01
128,3.39889000e-01
129,3.39838300e-01
130,3.39797300e-01
131,3.39754200e-01
132,3.39724300e-01
133,3.39702200e-01
134,3.39690700e-01
135,3.39685700e-01
136,3.39682100e-01
137,3.39676000e-01
138,3.39664300e-01
139,3.39640000e-01
140,3.39597900e-01
141,3.39541400e-01
142,3.39467300e-01
143,3.39380100e-01
144,3.39280300e-01
145,3.39168900e-01
146,3.39053700e-01
147,3.38938400e-01
148,3.38832100e-01
149,3.38727100e-01
150,3.38635200e-01
151,3.38544600e-01
152,3.38461700e-01
153,3.38379000e-01
154,3.38306000e-01
155,3.38221500e-01
156,3.38148200e-01
157,3.38063400e-01
158,3.37996200e-01
159,3.37926500e-01
160,3.37873000e-01
161,3.37818600e-01
162,3.37783600e-01
163,3.37749900e-01
164,3.37735400e-01
165,3.37724300e-01
166,3.37727300e-01
167,3.37741800e-01
168,3.37760200e-01
169,3.37797300e-01
170,3.37832800e-01
171,3.37885300e-01
172,3.37939500e-01
173,3.37998100e-01
174,3.38069500e-01
175,3.38133100e-01
176,3.38208600e-01
177,3.38283600e-01
178,3.38358500e-01
179,3.38444800e-01
180,3.38524700e-01
181,3.38608800e-01
182,3.38687200e-01
183,3.38766000e-01
184,3.38843200e-01
185,3.38910900e-01
186,3.38980300e-01
187,3.39023500e-01
188,3.39072200e-01
189,3.39095600e-01
190,3.39120300e-01
191,3.39126400e-01
192,3.39132000e-01
193,3.39127800e-01
194,3.39122300e-01
195,3.39116300e-01
196,3.39108200e-01
197,3.39103900e-01
198,3.39100100e-01
199,3.39097100e-01
200,3.39097300e-01
201,3.39101800e-01
202,3.39103500e-01
203,3.39109600e-01
204,3.39110100e-01
205,3.39120200e-01
206,3.39114200e-01
207,3.39131800e-01
208,3.39111100e-01
209,3.39136100e-01
210,3.39101900e-01
211,3.39124900e-01
212,3.39086700e-01
213,3.39103700e-01
214,3.39060400e-01
215,3.39062100e-01
216,3.39011300e-01
217,3.38990700e-01
218,3.38928200e-01
219,3.38891900e-01
220,3.38826800e-01
221,3.38782800e-01
222,3.38720100e-01
223,3.38668900e-01
224,3.38600500e-01
225,3.38543500e-01
226,3.38472000e-01
227,3.38403600e-01
228,3.38332500e-01
229,3.38252200e-01
230,3.38176400e-01
231,3.38091800e-01
232,3.38012200e-01
233,3.37926100e-01
234,3.37857800e-01
235,3.37797900e-01
236,3.37776500e-01
237,3.37780600e-01
238,3.37822300e-01
239,3.37901900e-01
240,3.37998700e-01
241,3.38128600e-01
242,3.38250600e-01
243,3.38390100e-01
244,3.38487600e-01
245,3.38580900e-01
246,3.38627600e-01
247,3.38659200e-01
248,3.38665700e-01
249,3.38665400e-01
250,3.38660700e-01
251,3.38661000e-01
252,3.38676900e-01
253,3.38702700e-01
254,3.38735000e-01
255,3.38772000e-01
256,3.38802300e-01
257,3.38824900e-01
258,3.38826800e-01
259,3.38813300e-01
260,3.38774000e-01
261,3.38720000e-01
262,3.38648400e-01
263,3.38572500e-01
264,3.38495400e-01
265,3.38420200e-01
266,3.38352000e-01
267,3.38285700e-01
268,3.38235000e-01
269,3.38181100e-01
270,3.38142500e-01
271,3.38108700e-01
272,3.38080300e-01
273,3.38061100e-01
274,3.38047500e-01
275,3.38051100e-01
276,3.38053800e-01
277,3.38086200e-01
278,3.38108200e-01
279,3.38169000e-01
280,3.38206400e-01
281,3.38285300e-01
282,3.38331600e-01
283,3.38404600e-01
284,3.38453300e-01
285,3.38508500e-01
286,3.38544200e-01
287,3.38581900e-01
288,3.38603100e-01
289,3.38623000e-01
290,3.38626600e-01
291,3.38625000e-01
292,3.38600500e-01
293,3.38579800e-01
294,3.38533100e-01
295,3.38489800e-01
296,3.38424000e-01
297,3.38358400e-01
298,3.38282700e-01
299,3.38203600e-01
300,3.38116800e-01
301,3.38022400e-01
302,3.37921000e-01
303,3.37808900e-01
304,3.37688400e-01
305,3.37567400e-01
306,3.37438200e-01
307,3.37319600e-01
308,3.37205600e-01
309,3.37112600e-01
310,3.37035100e-01
311,3.36978500e-01
312,3.36943900e-01
313,3.36930500e-01
314,3.36934200e-01
315,3.36957500e-01
316,3.36997100e-01
317,3.37055300e-01
318,3.37123800e-01
319,3.37203200e-01
320,3.37293000e-01
321,3.37392300e-01
322,3.37498700e-01
323,3.37612700e-01
324,3.37727900e-01
325,3.37848800e-01
326,3.37967100e-01
327,3.38086800e-01
328,3.38207200e-01
329,3.38318600e-01
330,3.38438700e-01
331,3.38550800e-01
332,3.38663500e-01
333,3.38760400e-01
334,3.38856600e-01
335,3.38931700e-01
336,3.39007700e-01
337,3.39056200e-01
338,3.39112700e-01
339,3.39128600e-01
340,3.39164100e-01
341,3.39154900e-01
342,3.39160400e-01
343,3.39135200e-01
344,3.39108800e-01
345,3.39066200e-01
346,3.39004700e-01
347,3.38943400e-01
348,3.38842900e-01
349,3.38760500e-01
350,3.38645000e-01
351,3.38535100e-01
352,3.38414200e-01
353,3.38297900e-01
354,3.38175200e-01
355,3.38057200e-01
356,3.37933100e-01
357,3.37810200e-01
358,3.37690100e-01
359,3.37572400e-01
360,3.37458300e-01
361,3.37353000e-01
362,3.37252500e-01
363,3.37165800e-01
364,3.37085900e-01
365,3.37017400e-01
366,3.36957000e-01
367,3.36908400e-01
368,3.36869700e-01
369,3.36837900e-01
370,3.36815800e-01
371,3.36803400e-01
372,3.36804200e-01
373,3.36818600e-01
374,3.36846800e-01
375,3.36888800e-01
376,3.36948900e-01
377,3.37030400e-01
378,3.37128900e-01
379,3.37252400e-01
380,3.37390300e-01
381,3.37545800e-01
382,3.37709400e-01
383,3.37879000e-01
384,3.38050800e-01
385,3.38217900e-01
386,3.38377400e-01
387,3.38525900e-01
388,3.38658600e-01
389,3.38773200e-01
390,3.38871300e-01
391,3.38957300e-01
392,3.39033100e-01
393,3.39100800e-01
394,3.39165600e-01
395,3.39226400e-01
396,3.39287600e-01
397,3.39344900e-01
398,3.39393900e-01
399,3.39435600e-01
400,3.39459500e-01
401,3.39478600e-01
402,3.39469700e-01
403,3.39455200e-01
404,3.39407400e-01
405,3.39345100e-01
406,3.39258400e-01
407,3.39155200e-01
408,3.39035700e-01
409,3.38903900e-01
410,3.38755100e-01
411,3.38595700e-01
412,3.38434900e-01
413,3.38279700e-01
414,3.38119600e-01
415,3.37956200e-01
416,3.37787800e-01
417,3.37621900e-01
418,3.37447500e-01
419,3.37261100e-01
420,3.37057200e-01
421,3.36868300e-01
422,3.36703800e-01
423,3.36596600e-01
424,3.36551600e-01
425,3.36592100e-01
426,3.36698900e-01
427,3.36874000e-01
428,3.37083400e-01
429,3.37303700e-01
430,3.37513700e-01
431,3.37698800e-01
432,3.37854400e-01
433,3.37985600e-01
434,3.38103900e-01
435,3.38217400e-01
436,3.38338600e-01
437,3.38480400e-01
438,3.38642700e-01
439,3.38824300e-01
440,3.39008000e-01
441,3.39196700e-01
442,3.39364800e-01
443,3.39520300e-01
444,3.39638100e-01
445,3.39726500e-01
446,3.39780400e-01
447,3.39809300e-01
448,3.39811900e-01
449,3.39803800e-01
450,3.39784000e-01
451,3.39753000e-01
452,3.39718400e-01
453,3.39671300e-01
454,3.39618300e-01
455,3.39547700e-01
456,3.39466200e-01
457,3.39370800e-01
458,3.39265500e-01
459,3.39147800e-01
460,3.39027300e-01
461,3.38910000e-01
462,3.38801200e-01
463,3.38704700e-01
464,3.38621100e-01
465,3.38559600e-01
466,3.38510800e-01
467,3.38486400e-01
468,3.38468000e-01
469,3.38467500e-01
470,3.38465100e-01
471,3.38458300e-01
472,3.38425000e-01
473,3.38387600e-01
474,3.38328400e-01
475,3.38243000e-01
476,3.38129300e-01
477,3.37981100e-01
478,3.37820700e-01
479,3.37625600e-01
480,3.37436600e-01
481,3.37236300e-01
482,3.37087300e-01
483,3.36964100e-01
484,3.36924200e-01
485,3.36915900e-01
486,3.36978500e-01
487,3.37047600e-01
488,3.37152300e-01
489,3.37225100e-01
490,3.37302800e-01
491,3.37329100e-01
492,3.37359200e-01
493,3.37351100e-01
494,3.37372900e-01
495,3.37374600e-01
496,3.37425700e-01
497,3.37473900e-01
498,3.37557700e-01
499,3.37650100e-01
500,3.37742300e-01
